key,value
16010010,草原
16020010,荒原
16030010,沙漠
16040010,绿洲
16050010,森林
16060010,山地
16070010,沃土
16080010,湖泊
16090010,碎石
16100010,朽木
16110010,石块
16120010,枯木
16010011,宽广的草原，粮食的产量会相对较高
16020011,荒凉的平原，粮食的产量会相对较高
16030011,一望无际的沙漠，粮食的产量会相对较高
16040011,沙漠中的生命绿舟，粮食的产量会相对较高
16050011,茂密的丛林资源，木材的产量会相对较高
16060011,丰富的石材资源，石材的产量会相对较高
16070011,肥沃的土地，粮食的产量会相对较高
16080011,广阔的湖泊让人看上去内心平静
16090011,一地的碎石资源，石材的产量会相对较高
16100011,腐朽的木材资源，木材的产量会相对较高
16110011,完整的石块资源，石材的产量会相对较高
16120011,枯萎的木材资源，木材的产量会相对较高
15010010,升级
15010020,详情
15010030,进攻
15010040,购买
15010050,出售
15010060,撤单
15010070,放弃
15010080,训练
15010090,收藏
15010100,移动
15020010,瞭望塔查看
15030010,增益
15030020,收获
15030030,筑城
15040010,维修
15050010,研究
15060010,部队回城
15070010,(我)领地修建
15070020,(我)领地拆除
15070030,(我)领地派遣
15080010,(敌)领地侦查
15010110,取消
15010120,加速
15010130,钻石加速
15010140,使用土地券
15010150,使用效率卡
15010160,出征
15010170,我的部队
15010180,砍伐树木
15010190,挖掘石头
15010200,签到
15010210,取消训练
15010220,加速训练
15010230,钻石加速
15010240,收获
15010250,收获
15010260,收获
15010270,采集
15010280,开荒
15010290,治疗
15010300,迁城
15010310,加速治疗
15010320,钻石加速
15010330,城外建筑
15010340,建造
15010360,进驻
15010370,撤离
15010390,加速研究
15010400,钻石加速
11010010,粮食
11010020,木头
11010030,石头
11010040,人口
11010012,农田
11010022,伐木场
11010032,采石场
11012010,粮食物资
11012020,木头物资
11012030,石头物资
11012011,用于替代粮食资源，每个物资可以替代1000粮食资源
11012021,用于替代木头资源，每个物资可以替代1000木头资源
11012031,用于替代石头资源，每个物资可以替代1000石头资源
11020010,铁矿
11020020,马匹
11020030,赤铜
11020040,铁木
11030010,金币
11030020,保护之泉
11030030,钻石
11030040,黄金
14010010,资源
14010020,敌人
14010030,盟友
14010040,其他
19010010,领主府
19020010,马厩
19020020,兵营
19020030,靶场
19020040,器械
19030010,学院
19040010,民房
19050010,瞭望塔
19060010,仓库
19070010,城墙
19130010,箭塔
19130020,箭塔
19090010,校场
19100010,交易市场
19110010,活动建筑
19120010,武将酒馆
19150010,军团建筑
19170010,新兵营地
19170020,医疗帐篷
19170030,采集工坊
19170040,战争工坊
19180010,森林
19190010,圣泉祭坛
19010011,城市的核心建筑物
19020011,训练骑兵的营地
19020021,训练步兵的营地
19020031,训练弓手的营地
19020041,建造器械的营地
19030011,研究科技的建筑物
19040011,产出人口的建筑物
19050011,侦查敌情与反侦查的建筑物
19060011,存储资源的主要建筑物
19070011,城市被进攻时用于防守的建筑物
19130011,城市被进攻时用于进攻的建筑物
19130021,城市被进攻时用于进攻的建筑物
19090011,部队出征与集结的营地
19100011,所有物资交易的建筑物
19110011,各类活动的建筑物
19120011,武将们最喜欢集结在此
19150011,武将装备锻造所
19170011,提高单次造兵的上限与造兵速度
19170021,提高每次战斗时会产生更多的伤兵与伤兵最大容量
19170031,提高野外采集时的效率
19170041,提高野外箭塔、堡垒的攻击与防御
19190011,祈祷上天降下神之保护的建筑物
13010010,粮食增产
13010020,伐木增产
13010030,石材增产
13010040,铁矿
13010050,马匹
13010060,赤铜
13010070,铁木
13010080,产能提高
13010090,沙漠开发
13010100,荒原开发
13010110,草原开发
13010011,增加粮食领地的产量
13010021,增加木材领地的产量
13010031,增加石材领地的产量
13010041,增加铁矿的产量按百分比提高
13010051,增加马匹的产量按百分比提高
13010061,增加赤铜的产量按百分比提高
13010071,增加铁木的产量按百分比提高
13010081,全部资源生产能力提高
13010091,沙漠上的生产能力提高
13010101,荒原上的生产能力提高
13010111,草原上的生产能力提高
20010010,5分钟加速
20010020,1小时加速
20010030,8小时加速
20020010,5分钟训练加速
20020020,1小时训练加速
20020030,8小时训练加速
20030010,5分钟建筑加速
20030020,1小时建筑加速
20030030,8小时建筑加速
20040010,5分钟研究加速
20040020,1小时研究加速
20040030,8小时研究加速
20010011,可以用在任何地方的加速道具
20010021,可以用在任何地方的加速道具
20010031,可以用在任何地方的加速道具
20020011,只能在训练部队时使用的加速道具
20020021,只能在训练部队时使用的加速道具
20020031,只能在训练部队时使用的加速道具
20030011,只能在建筑修建时使用的加速道具
20030021,只能在建筑修建时使用的加速道具
20030031,只能在建筑修建时使用的加速道具
20040011,只能在科技研究时使用的加速道具
20040021,只能在科技研究时使用的加速道具
20040031,只能在科技研究时使用的加速道具
28010010,10金币
28010020,60金币
28010030,120金币
28010040,480金币
28010050,1000金币
28010011,使用钻石兑换10金币
28010021,使用钻石兑换60金币
28010031,使用钻石兑换120金币
28010041,使用钻石兑换480金币
28010051,使用钻石兑换1000金币
28020010,一点点钻石
28020020,一堆钻石
28020030,一大堆钻石
28020040,一箱钻石
28020050,一大箱钻石
28080010,10金币
28080020,60金币
28080030,120金币
28080040,480金币
28080050,1000金币
28080011,使用黄金兑换10金币
28080021,使用黄金兑换60金币
28080031,使用黄金兑换120金币
28080041,使用黄金兑换480金币
28080051,使用黄金兑换1000金币
28030010,大型加速礼包
28030020,小型加速礼包
28030030,中型加速礼包
28030040,lv4礼包
28030050,lv5礼包
28030060,lv6礼包
28030070,lv7礼包
28030080,lv8礼包
28030090,lv9礼包
28030100,lv10礼包
28030110,lv11礼包
28030120,lv12礼包
28030130,lv13礼包
28030140,lv14礼包
28030150,lv15礼包
28070010,开服特惠礼包
28070020,lv2礼包
28070030,lv3礼包
28070040,lv4礼包
28070050,lv5礼包
28070060,lv6礼包
28070070,lv7礼包
28070080,lv8礼包
28070090,lv9礼包
28070100,lv10礼包
28070110,lv11礼包
28070120,lv12礼包
28070130,lv13礼包
28070140,lv14礼包
28070150,lv15礼包
21000050,开服特惠礼包
21000060,lv2礼包
21000070,百夫长礼包
21000080,营地长礼包
21000090,保民官礼包
21000100,营造官礼包
21000110,行政官礼包
21000120,监察官礼包
21000130,市政官礼包
21000140,裁判官礼包
21000150,卫戍队队长礼包
21000160,大法官礼包
21000170,军团长礼包
21000180,执政军团长礼包
21000190,lv15礼包
21000051,打开可以获得100金币、10张土地使用券
21000061,打开可以获得道具
21000071,打开可以获得500金币
21000081,打开可以获得1000金币
21000091,打开可以获得2000金币
21000101,打开可以获得5000金币
21000111,打开可以获得10000金币
21000121,打开可以获得20000金币
21000131,打开可以获得50000金币
21000141,打开可以获得10万金币
21000151,打开可以获得20万金币
21000161,打开可以获得30万金币
21000171,打开可以获得50万金币
21000181,打开可以获得100万金币
21000191,打开可以获得道具
21000210,土地使用券
21000220,土地使用券
21000230,土地使用券
21000240,土地使用券
21000250,土地使用券
21000260,土地使用券
21000270,土地使用券
21000280,土地使用券
21000290,土地使用券
21000300,土地使用券
21000310,土地使用券
21000320,土地升级券
21000330,效率卡
21000211,使用后可以获得lv0的领地
21000221,使用后可以获得lv1的领地
21000231,使用后可以获得lv2的领地
21000241,使用后可以获得lv3的领地
21000251,使用后可以获得lv4的领地
21000261,使用后可以获得lv5的领地
21000271,使用后可以获得lv6的领地
21000281,使用后可以获得lv7的领地
21000291,使用后可以获得lv8的领地
21000301,使用后可以获得lv9的领地
21000311,使用后可以获得lv10的领地
21000321,领地升级时使用的升级券
21000331,土地产出翻倍
12011010,见习矛兵
12011020,矛兵
12011030,精锐矛兵
12011040,见习枪兵
12011050,枪兵
12011060,精锐枪兵
12011070,见习戟兵
12011080,戟兵
12011090,精锐戟兵
12011100,摧毁者
12012010,见习步兵
12012020,步兵
12012030,精锐步兵
12012040,见习刀盾兵
12012050,刀盾兵
12012060,精锐刀盾兵
12012070,见习禁卫
12012080,禁卫
12012090,精锐禁卫
12012100,征服者
12021010,见习骑手
12021020,骑手
12021030,精锐骑手
12021040,见习侦察兵
12021050,侦察兵
12021060,精锐侦察兵
12021070,见习斥候
12021080,斥候
12021090,精锐斥候
12021100,掠夺者
12022010,见习骑兵
12022020,骑兵
12022030,精锐骑兵
12022040,见习重骑兵
12022050,重骑兵
12022060,精锐重骑兵
12022070,见习骑士
12022080,骑士
12022090,精锐骑士
12022100,践踏者
12031010,见习弓手
12031020,弓手
12031030,精锐弓手
12031040,见习射手
12031050,射手
12031060,精锐射手
12031070,见习神射手
12031080,神射手
12031090,精锐神射手
12031100,击心者
12032010,见习弓骑兵
12032020,弓骑兵
12032030,精锐弓骑兵
12032040,见习骑射手
12032050,骑射手
12032060,精锐骑射手
12032070,见习宿卫
12032080,宿卫
12032090,精锐宿卫
12032100,射龙者
12041010,轻型冲车
12041020,中型冲车
12041030,重型冲车
12041040,轻型攻城锤
12041050,中型攻城锤
12041060,重型攻城锤
12041070,轻型攻城塔
12041080,中型攻城塔
12041090,重型攻城塔
12041100,破城者
12011011,自身脆弱但是可以克制骑兵
12011021,自身脆弱但是可以克制骑兵
12011031,自身脆弱但是可以克制骑兵
12011041,自身脆弱但是可以克制骑兵
12011051,自身脆弱但是可以克制骑兵
12011061,自身脆弱但是可以克制骑兵
12011071,自身脆弱但是可以克制骑兵
12011081,自身脆弱但是可以克制骑兵
12011091,自身脆弱但是可以克制骑兵
12011101,自身脆弱但是可以克制骑兵
12012011,拥有强大的防御能力
12012021,拥有强大的防御能力
12012031,拥有强大的防御能力
12012041,拥有强大的防御能力
12012051,拥有强大的防御能力
12012061,拥有强大的防御能力
12012071,拥有强大的防御能力
12012081,拥有强大的防御能力
12012091,拥有强大的防御能力
12012101,拥有强大的防御能力
12021011,游走在战场上的幽灵
12021021,游走在战场上的幽灵
12021031,游走在战场上的幽灵
12021041,游走在战场上的幽灵
12021051,游走在战场上的幽灵
12021061,游走在战场上的幽灵
12021071,游走在战场上的幽灵
12021081,游走在战场上的幽灵
12021091,游走在战场上的幽灵
12021101,游走在战场上的幽灵
12022011,机动性与战斗力都很强的兵种
12022021,机动性与战斗力都很强的兵种
12022031,机动性与战斗力都很强的兵种
12022041,机动性与战斗力都很强的兵种
12022051,机动性与战斗力都很强的兵种
12022061,机动性与战斗力都很强的兵种
12022071,机动性与战斗力都很强的兵种
12022081,机动性与战斗力都很强的兵种
12022091,机动性与战斗力都很强的兵种
12022101,机动性与战斗力都很强的兵种
12031011,远程攻击部队，被近身后非常脆弱
12031021,远程攻击部队，被近身后非常脆弱
12031031,远程攻击部队，被近身后非常脆弱
12031041,远程攻击部队，被近身后非常脆弱
12031051,远程攻击部队，被近身后非常脆弱
12031061,远程攻击部队，被近身后非常脆弱
12031071,远程攻击部队，被近身后非常脆弱
12031081,远程攻击部队，被近身后非常脆弱
12031091,远程攻击部队，被近身后非常脆弱
12031101,远程攻击部队，被近身后非常脆弱
12032011,远程攻击部队，移动速度非常快
12032021,远程攻击部队，移动速度非常快
12032031,远程攻击部队，移动速度非常快
12032041,远程攻击部队，移动速度非常快
12032051,远程攻击部队，移动速度非常快
12032061,远程攻击部队，移动速度非常快
12032071,远程攻击部队，移动速度非常快
12032081,远程攻击部队，移动速度非常快
12032091,远程攻击部队，移动速度非常快
12032101,远程攻击部队，移动速度非常快
12041011,攻城系兵种，对城堡造成毁灭性的伤害，移动非常缓慢
12041021,攻城系兵种，对城堡造成毁灭性的伤害，移动非常缓慢
12041031,攻城系兵种，对城堡造成毁灭性的伤害，移动非常缓慢
12041041,攻城系兵种，对城堡造成毁灭性的伤害，移动非常缓慢
12041051,攻城系兵种，对城堡造成毁灭性的伤害，移动非常缓慢
12041061,攻城系兵种，对城堡造成毁灭性的伤害，移动非常缓慢
12041071,攻城系兵种，对城堡造成毁灭性的伤害，移动非常缓慢
12041081,攻城系兵种，对城堡造成毁灭性的伤害，移动非常缓慢
12041091,攻城系兵种，对城堡造成毁灭性的伤害，移动非常缓慢
12041101,攻城系兵种，对城堡造成毁灭性的伤害，移动非常缓慢
12070010,移民
12070011,移民是用来修建新城堡的单位
22010010,粮食资源包1
22010020,粮食资源包2
22010030,粮食资源包3
22020010,木头资源包1
22020020,木头资源包2
22020030,木头资源包3
22030010,石头资源包1
22030020,石头资源包2
22030030,石头资源包3
22040010,金币包1
22040020,钻石包1
22040030,黄金包1
22040040,泉水罐
22010011,打开可以获得10000粮食
22010021,打开可以获得100000粮食
22010031,打开可以获得1000000粮食
22020011,打开可以获得10000木材
22020021,打开可以获得100000木材
22020031,打开可以获得1000000木材
22030011,打开可以获得10000石头
22030021,打开可以获得100000石头
22030031,打开可以获得1000000石头
22040011,打开可以获得10金币
22040021,打开可以获得10钻石
22040031,打开可以获得10黄金
22040041,打开可以获得1000泉水
28100010,钻石兑换效率卡
28110010,黄金兑换效率卡
23000010,平民
23000020,公民
23000030,百夫长
23000040,营地长
23000050,保民官
23000060,营造官
23000070,行政官
23000080,监察官
23000090,市政官
23000100,裁判官
23000110,卫戍队队长
23000120,大法官
23000130,军团长
23000140,执政军团长
23000150,总督
23000160,执政官
23000170,独裁官
23000180,大祭司
23000190,元老
21000340,开服特惠礼包
21000350,小型加速礼包
21000360,中型加速礼包
21000370,大型加速礼包
21000341,包打开可以获得100金币、10张土地使用券
21000351,通用加速：5分钟*10，科研加速：5分钟*10
21000361,通用加速：5分钟*20，1小时*10，科研加速：5分钟*20，1小时*10
21000371,通用加速：5分钟*20，1小时*10，8小时*2，科研加速：5分钟*20，1小时*10，8小时*2
22010040,粮食木箱
22020040,木头木箱
22030040,石头木箱
22010041,打开获得100000粮食
22020041,打开获得100000木头
22030041,打开获得100000石头
24000010,市政官大礼包
24000020,裁判官大礼包
24000030,卫戍队队长大礼包
24000040,大法官大礼包
24000050,军团长大礼包
24000060,执政军团长大礼包
24000011,金币*50000，钻石*25000
24000021,金币*100000，钻石*50000
24000031,金币*200000，钻石*100000
24000041,金币*300000，钻石*150000
24000051,金币*500000，钻石*250000
24000061,金币*1000000，钻石*500000
22050010,马匹资源
22060010,铁矿资源
22070010,赤铜资源
22080010,铁木资源
22050011,打开获得10马匹
22060011,打开获得100铁矿
22070011,打开获得100赤铜
22080011,打开获得100铁木
30100011,主城城堡，消耗粮食资源：1000
30100021,所有城堡，消耗粮食资源：1000000
30100031,所有分城，消耗粮食资源：1000000
30100041,主城城堡，收获粮食资源：10000
30100051,主城城堡，训练长枪兵lv1：10000
30100061,所有分城，消灭步兵：10000
30100071,所有分城，消灭XXX怪物：10
13020010,长枪攻击
13020020,长枪防御
13020030,刀盾攻击
13020040,刀盾防御
13020050,轻骑攻击
13020060,轻骑防御
13020070,重骑攻击
13020080,重骑防御
13020090,长弓攻击
13020100,长弓防御
13020110,弓骑攻击
13020120,弓骑防御
13020130,冲车攻击
13020140,冲车防御
13020011,长枪伤害加成
13020021,长枪防御加成
13020031,刀盾伤害加成
13020041,刀盾防御加成
13020051,轻骑伤害加成
13020061,轻骑防御加成
13020071,重骑伤害加成
13020081,重骑防御加成
13020091,长弓伤害加成
13020101,长弓防御加成
13020111,弓骑伤害加成
13020121,弓骑防御加成
13020131,冲车伤害加成
13020141,冲车防御加成
30200010,日常任务1
30200020,日常任务1
30200030,日常任务1
30200040,日常任务1
30200050,日常任务1
30200060,日常任务1
30200070,日常任务2
30200080,日常任务2
30200090,日常任务2
30200100,日常任务2
30200110,日常任务2
30200120,日常任务2
30200130,日常任务3
30200140,日常任务3
30200150,日常任务3
30200160,日常任务3
30200170,日常任务3
30200180,日常任务3
30200190,日常任务4
30200200,日常任务4
30200210,日常任务4
30200220,日常任务4
30200230,日常任务4
30200240,日常任务4
30300010,支线任务1
30300020,支线任务2
30300030,支线任务3
30300040,支线任务4
30300050,支线任务5
30300060,支线任务6
30300070,支线任务7
30300080,支线任务8
30300090,支线任务9
30300100,支线任务10
30300110,支线任务11
30300120,支线任务12
30300130,支线任务13
30300140,支线任务14
30300150,支线任务15
30300160,支线任务16
30300170,支线任务17
30300180,支线任务18
30300190,支线任务19
30300200,支线任务20
30300210,支线任务21
30300220,支线任务22
30300230,支线任务23
30300240,支线任务24
30300250,支线任务25
30300260,支线任务26
30300270,支线任务27
30300280,支线任务28
30300290,支线任务29
30300300,支线任务30
30200011,主城堡，累计消耗粮食资源：1000000
30200021,主城堡，累计消耗粮食资源：1000001
30200031,主城堡，累计消耗粮食资源：1000002
30200041,主城堡，累计消耗粮食资源：1000003
30200051,主城堡，累计消耗粮食资源：1000004
30200061,主城堡，累计消耗粮食资源：1000005
30200071,主城堡，累计消耗粮食资源：20000
30200081,主城堡，累计消耗粮食资源：20001
30200091,主城堡，累计消耗粮食资源：20002
30200101,主城堡，累计消耗粮食资源：20003
30200111,主城堡，累计消耗粮食资源：20004
30200121,主城堡，累计消耗粮食资源：20005
30200131,主城堡，累计消耗粮食资源：30000
30200141,主城堡，累计消耗粮食资源：30001
30200151,主城堡，累计消耗粮食资源：30002
30200161,主城堡，累计消耗粮食资源：30003
30200171,主城堡，累计消耗粮食资源：30004
30200181,主城堡，累计消耗粮食资源：30005
96000010,少量
96000020,中量
96000030,大量
21000390,搬迁卡
21000391,使用后可以让城堡搬迁到指定地点
26031010,叛军射手
26031020,叛军射手
26031030,叛军射手
26031040,叛军射手
26031050,叛军射手
26031060,叛军射手
26031070,叛军射手
26031080,叛军射手
26031090,叛军射手
26031100,叛军射手
26031110,叛军射手
26031120,叛军射手
26031130,叛军射手
26031140,叛军射手
26031150,叛军射手
26031160,叛军射手
26031170,叛军射手
26031180,叛军射手
26031190,叛军射手
26031200,叛军射手
26031210,叛军射手
26031220,叛军射手
26031230,叛军射手
26031240,叛军射手
26031250,叛军射手
26031260,叛军射手
26031270,叛军射手
26031280,叛军射手
26031290,叛军射手
26031300,叛军射手
26031011,起义军立志于推翻你的王朝
26031021,起义军立志于推翻你的王朝
26031031,起义军立志于推翻你的王朝
26031041,起义军立志于推翻你的王朝
26031051,起义军立志于推翻你的王朝
26031061,起义军立志于推翻你的王朝
26031071,起义军立志于推翻你的王朝
26031081,起义军立志于推翻你的王朝
26031091,起义军立志于推翻你的王朝
26031101,起义军立志于推翻你的王朝
26031111,起义军立志于推翻你的王朝
26031121,起义军立志于推翻你的王朝
26031131,起义军立志于推翻你的王朝
26031141,起义军立志于推翻你的王朝
26031151,起义军立志于推翻你的王朝
26031161,起义军立志于推翻你的王朝
26031171,起义军立志于推翻你的王朝
26031181,起义军立志于推翻你的王朝
26031191,起义军立志于推翻你的王朝
26031201,起义军立志于推翻你的王朝
26031211,起义军立志于推翻你的王朝
26031221,起义军立志于推翻你的王朝
26031231,起义军立志于推翻你的王朝
26031241,起义军立志于推翻你的王朝
26031251,起义军立志于推翻你的王朝
26031261,起义军立志于推翻你的王朝
26031271,起义军立志于推翻你的王朝
26031281,起义军立志于推翻你的王朝
26031291,起义军立志于推翻你的王朝
26031301,起义军立志于推翻你的王朝
33011100,10级征兵令
33012100,10级征兵令
33021100,10级征兵令
33022100,10级征兵令
33031100,10级征兵令
33032100,10级征兵令
33041100,10级征兵令
33011101,打开获得10级长枪兵*10000
33012101,打开获得10级刀盾兵*10000
33021101,打开获得10级轻骑兵*10000
33022101,打开获得10级重骑兵*10000
33031101,打开获得10级长弓手*10000
33032101,打开获得10级弓骑手*10000
33041101,打开获得10级冲车*10000
22050020,木箱（马）
22060020,木箱（铁）
22070020,木箱（铜）
22080020,木箱（铁木）
22100010,木箱（保护之泉）
22110010,木箱（黄金）
22050021,打开获得马匹*100000
22060021,打开获得铁矿*100000
22070021,打开获得赤铜*100000
22080021,打开获得铁木*100000
22100011,打开获得保护之泉*1000
22110011,打开获得黄金*100
22090010,人口迁移令
22090011,打开获得人口*100000
11020011,大自然的馈赠，可提供建筑建造和部队训练的铁矿资源
11020021,大自然的馈赠，可提供建筑建造和部队训练的马匹资源
11020031,大自然的馈赠，可提供建筑建造和部队训练的赤铜资源
11020041,大自然的馈赠，可提供建筑建造和部队训练的铁木资源
11030021,神赐予人间的泉水，可提供大量的保护之泉资源
12060010,箭塔
12080010,堡垒
12050010,城堡
12060011,基础城防建筑
12080011,进驻长弓兵后，可以进行防守的城防建筑
12050011,城堡描述
25001160,伤兵率
25001210,采集速度
25001620,负重上限加成
25001190,箭塔攻击力
25001200,箭塔防御力
25001170,造兵上限
40011010,1级木头宝箱
40011020,2级木头宝箱
40011030,3级木头宝箱
40011040,4级木头宝箱
40011050,5级木头宝箱
40011060,6级木头宝箱
40011070,7级木头宝箱
40011080,8级木头宝箱
40011090,9级木头宝箱
40011100,10级木头宝箱
40011110,11级木头宝箱
40011120,12级木头宝箱
40011130,13级木头宝箱
40011140,14级木头宝箱
40011150,15级木头宝箱
40011160,16级木头宝箱
40011170,17级木头宝箱
40011180,18级木头宝箱
40011190,19级木头宝箱
40011200,20级木头宝箱
40013010,1级石头宝箱
40013020,2级石头宝箱
40013030,3级石头宝箱
40013040,4级石头宝箱
40013050,5级石头宝箱
40013060,6级石头宝箱
40013070,7级石头宝箱
40013080,8级石头宝箱
40013090,9级石头宝箱
40013100,10级石头宝箱
40013110,11级石头宝箱
40013120,12级石头宝箱
40013130,13级石头宝箱
40013140,14级石头宝箱
40013150,15级石头宝箱
40013160,16级石头宝箱
40013170,17级石头宝箱
40013180,18级石头宝箱
40013190,19级石头宝箱
40013200,20级石头宝箱
40014010,1级粮食宝箱
40014020,2级粮食宝箱
40014030,3级粮食宝箱
40014040,4级粮食宝箱
40014050,5级粮食宝箱
40014060,6级粮食宝箱
40014070,7级粮食宝箱
40014080,8级粮食宝箱
40014090,9级粮食宝箱
40014100,10级粮食宝箱
40014110,11级粮食宝箱
40014120,12级粮食宝箱
40014130,13级粮食宝箱
40014140,14级粮食宝箱
40014150,15级粮食宝箱
40014160,16级粮食宝箱
40014170,17级粮食宝箱
40014180,18级粮食宝箱
40014190,19级粮食宝箱
40014200,20级粮食宝箱
40015010,1级马匹宝箱
40015020,2级马匹宝箱
40015030,3级马匹宝箱
40015040,4级马匹宝箱
40015050,5级马匹宝箱
40015060,6级马匹宝箱
40015070,7级马匹宝箱
40015080,8级马匹宝箱
40015090,9级马匹宝箱
40015100,10级马匹宝箱
40015110,11级马匹宝箱
40015120,12级马匹宝箱
40015130,13级马匹宝箱
40015140,14级马匹宝箱
40015150,15级马匹宝箱
40015160,16级马匹宝箱
40015170,17级马匹宝箱
40015180,18级马匹宝箱
40015190,19级马匹宝箱
40015200,20级马匹宝箱
40016010,1级铁矿宝箱
40016020,2级铁矿宝箱
40016030,3级铁矿宝箱
40016040,4级铁矿宝箱
40016050,5级铁矿宝箱
40016060,6级铁矿宝箱
40016070,7级铁矿宝箱
40016080,8级铁矿宝箱
40016090,9级铁矿宝箱
40016100,10级铁矿宝箱
40016110,11级铁矿宝箱
40016120,12级铁矿宝箱
40016130,13级铁矿宝箱
40016140,14级铁矿宝箱
40016150,15级铁矿宝箱
40016160,16级铁矿宝箱
40016170,17级铁矿宝箱
40016180,18级铁矿宝箱
40016190,19级铁矿宝箱
40016200,20级铁矿宝箱
40017010,1级赤铜宝箱
40017020,2级赤铜宝箱
40017030,3级赤铜宝箱
40017040,4级赤铜宝箱
40017050,5级赤铜宝箱
40017060,6级赤铜宝箱
40017070,7级赤铜宝箱
40017080,8级赤铜宝箱
40017090,9级赤铜宝箱
40017100,10级赤铜宝箱
40017110,11级赤铜宝箱
40017120,12级赤铜宝箱
40017130,13级赤铜宝箱
40017140,14级赤铜宝箱
40017150,15级赤铜宝箱
40017160,16级赤铜宝箱
40017170,17级赤铜宝箱
40017180,18级赤铜宝箱
40017190,19级赤铜宝箱
40017200,20级赤铜宝箱
40018010,1级铁木宝箱
40018020,2级铁木宝箱
40018030,3级铁木宝箱
40018040,4级铁木宝箱
40018050,5级铁木宝箱
40018060,6级铁木宝箱
40018070,7级铁木宝箱
40018080,8级铁木宝箱
40018090,9级铁木宝箱
40018100,10级铁木宝箱
40018110,11级铁木宝箱
40018120,12级铁木宝箱
40018130,13级铁木宝箱
40018140,14级铁木宝箱
40018150,15级铁木宝箱
40018160,16级铁木宝箱
40018170,17级铁木宝箱
40018180,18级铁木宝箱
40018190,19级铁木宝箱
40018200,20级铁木宝箱
40019010,1级铁木宝箱
40019020,2级铁木宝箱
40019030,3级铁木宝箱
40019040,4级铁木宝箱
40019050,5级铁木宝箱
40019060,6级铁木宝箱
40019070,7级铁木宝箱
40019080,8级铁木宝箱
40019090,9级铁木宝箱
40019100,10级铁木宝箱
40019110,11级铁木宝箱
40019120,12级铁木宝箱
40019130,13级铁木宝箱
40019140,14级铁木宝箱
40019150,15级铁木宝箱
40019160,16级铁木宝箱
40019170,17级铁木宝箱
40019180,18级铁木宝箱
40019190,19级铁木宝箱
40019200,20级铁木宝箱
40011011,1级木头宝箱
40011021,2级木头宝箱
40011031,3级木头宝箱
40011041,4级木头宝箱
40011051,5级木头宝箱
40011061,6级木头宝箱
40011071,7级木头宝箱
40011081,8级木头宝箱
40011091,9级木头宝箱
40011101,10级木头宝箱
40011111,11级木头宝箱
40011121,12级木头宝箱
40011131,13级木头宝箱
40011141,14级木头宝箱
40011151,15级木头宝箱
40011161,16级木头宝箱
40011171,17级木头宝箱
40011181,18级木头宝箱
40011191,19级木头宝箱
40011201,20级木头宝箱
40013011,1级石头宝箱
40013021,2级石头宝箱
40013031,3级石头宝箱
40013041,4级石头宝箱
40013051,5级石头宝箱
40013061,6级石头宝箱
40013071,7级石头宝箱
40013081,8级石头宝箱
40013091,9级石头宝箱
40013101,10级石头宝箱
40013111,11级石头宝箱
40013121,12级石头宝箱
40013131,13级石头宝箱
40013141,14级石头宝箱
40013151,15级石头宝箱
40013161,16级石头宝箱
40013171,17级石头宝箱
40013181,18级石头宝箱
40013191,19级石头宝箱
40013201,20级石头宝箱
40014011,1级粮食宝箱
40014021,2级粮食宝箱
40014031,3级粮食宝箱
40014041,4级粮食宝箱
40014051,5级粮食宝箱
40014061,6级粮食宝箱
40014071,7级粮食宝箱
40014081,8级粮食宝箱
40014091,9级粮食宝箱
40014101,10级粮食宝箱
40014111,11级粮食宝箱
40014121,12级粮食宝箱
40014131,13级粮食宝箱
40014141,14级粮食宝箱
40014151,15级粮食宝箱
40014161,16级粮食宝箱
40014171,17级粮食宝箱
40014181,18级粮食宝箱
40014191,19级粮食宝箱
40014201,20级粮食宝箱
40015011,1级马匹宝箱
40015021,2级马匹宝箱
40015031,3级马匹宝箱
40015041,4级马匹宝箱
40015051,5级马匹宝箱
40015061,6级马匹宝箱
40015071,7级马匹宝箱
40015081,8级马匹宝箱
40015091,9级马匹宝箱
40015101,10级马匹宝箱
40015111,11级马匹宝箱
40015121,12级马匹宝箱
40015131,13级马匹宝箱
40015141,14级马匹宝箱
40015151,15级马匹宝箱
40015161,16级马匹宝箱
40015171,17级马匹宝箱
40015181,18级马匹宝箱
40015191,19级马匹宝箱
40015201,20级马匹宝箱
40016011,1级铁矿宝箱
40016021,2级铁矿宝箱
40016031,3级铁矿宝箱
40016041,4级铁矿宝箱
40016051,5级铁矿宝箱
40016061,6级铁矿宝箱
40016071,7级铁矿宝箱
40016081,8级铁矿宝箱
40016091,9级铁矿宝箱
40016101,10级铁矿宝箱
40016111,11级铁矿宝箱
40016121,12级铁矿宝箱
40016131,13级铁矿宝箱
40016141,14级铁矿宝箱
40016151,15级铁矿宝箱
40016161,16级铁矿宝箱
40016171,17级铁矿宝箱
40016181,18级铁矿宝箱
40016191,19级铁矿宝箱
40016201,20级铁矿宝箱
40017011,1级赤铜宝箱
40017021,2级赤铜宝箱
40017031,3级赤铜宝箱
40017041,4级赤铜宝箱
40017051,5级赤铜宝箱
40017061,6级赤铜宝箱
40017071,7级赤铜宝箱
40017081,8级赤铜宝箱
40017091,9级赤铜宝箱
40017101,10级赤铜宝箱
40017111,11级赤铜宝箱
40017121,12级赤铜宝箱
40017131,13级赤铜宝箱
40017141,14级赤铜宝箱
40017151,15级赤铜宝箱
40017161,16级赤铜宝箱
40017171,17级赤铜宝箱
40017181,18级赤铜宝箱
40017191,19级赤铜宝箱
40017201,20级赤铜宝箱
40018011,1级铁木宝箱
40018021,2级铁木宝箱
40018031,3级铁木宝箱
40018041,4级铁木宝箱
40018051,5级铁木宝箱
40018061,6级铁木宝箱
40018071,7级铁木宝箱
40018081,8级铁木宝箱
40018091,9级铁木宝箱
40018101,10级铁木宝箱
40018111,11级铁木宝箱
40018121,12级铁木宝箱
40018131,13级铁木宝箱
40018141,14级铁木宝箱
40018151,15级铁木宝箱
40018161,16级铁木宝箱
40018171,17级铁木宝箱
40018181,18级铁木宝箱
40018191,19级铁木宝箱
40018201,20级铁木宝箱
40019010,1级铁木宝箱
40019020,2级铁木宝箱
40019030,3级铁木宝箱
40019040,4级铁木宝箱
40019050,5级铁木宝箱
40019060,6级铁木宝箱
40019070,7级铁木宝箱
40019080,8级铁木宝箱
40019090,9级铁木宝箱
40019100,10级铁木宝箱
40019110,11级铁木宝箱
40019120,12级铁木宝箱
40019130,13级铁木宝箱
40019140,14级铁木宝箱
40019150,15级铁木宝箱
40019160,16级铁木宝箱
40019170,17级铁木宝箱
40019180,18级铁木宝箱
40019190,19级铁木宝箱
40019200,20级铁木宝箱
20070010,1小时攻击增益
20070020,8小时攻击增益
20070030,24小时攻击增益
20060010,1小时防御增益
20060020,8小时防御增益
20060030,24小时防御增益
20070011,使用后获得1小时的部队攻击力增益
20070021,使用后获得8小时的部队攻击力增益
20070031,使用后获得24小时的部队攻击力增益
20060011,使用后获得1小时的部队防御力增益
20060021,使用后获得8小时的部队防御力增益
20060031,使用后获得24小时的部队防御力增益
27000010,攻击增益
27000020,防御增益
27000011,当前城堡下所有部队攻击力得到提高
27000021,当前城堡下所有部队防御力得到提高
15010350,恢复城堡
15010380,拆除建筑
12100010,矛兵
12100020,枪兵
12100030,戟兵
12100040,摧毁者
12200010,步兵
12200020,刀盾兵
12200030,禁卫
12200040,征服者
12300010,骑手
12300020,侦察兵
12300030,斥候
12300040,掠夺者
12400010,骑兵
12400020,重骑兵
12400030,骑士
12400040,践踏者
12500010,弓手
12500020,射手
12500030,神射手
12500040,击心者
12600010,弓骑兵
12600020,骑射手
12600030,宿卫
12600040,射龙者
12700010,冲车
12700020,攻城锤
12700030,攻城塔
12700040,破城者
25001650,攻击力
25001660,防御力
25001670,生命值
25001680,攻击力
25001690,防御力
25001700,生命值
25001710,攻击力
25001720,防御力
25001730,生命值
25001740,攻击力
25001750,防御力
25001760,生命值
25001770,攻击力
25001780,防御力
25001790,生命值
25001800,攻击力
25001810,防御力
25001820,生命值
25001830,攻击力
25001840,防御力
25001850,生命值
25001860,攻击力
25001870,防御力
25001880,生命值
25001890,攻击力
25001900,防御力
25001910,生命值
25001920,攻击力
25001930,防御力
25001940,生命值
25001950,攻击力
25001960,防御力
25001970,生命值
25001980,攻击力
25001990,防御力
25002000,生命值
25002010,攻击力
25002020,防御力
25002030,生命值
25002040,攻击力
25002050,防御力
25002060,生命值
25002070,攻击力
25002080,防御力
25002090,生命值
25002100,攻击力
25002110,防御力
25002120,生命值
25002130,攻击力
25002140,防御力
25002150,生命值
25002160,攻击力
25002170,防御力
25002180,生命值
25002190,攻击力
25002200,防御力
25002210,生命值
25002220,攻击力
25002230,防御力
25002240,生命值
25002250,攻击力
25002260,防御力
25002270,生命值
25002280,攻击力
25002290,防御力
25002300,生命值
25002310,攻击力
25002320,防御力
25002330,生命值
25002340,攻击力
25002350,防御力
25002360,生命值
25002370,攻击力
25002380,防御力
25002390,生命值
25002400,攻击力
25002410,防御力
25002420,生命值
25002430,攻击力
25002440,防御力
25002450,生命值
25002460,攻击力
25002470,防御力
25002480,生命值
25002490,移动速度
25002500,负重
25002510,采集速度
25002520,移动速度
25002530,负重
25002540,采集速度
25002550,移动速度
25002560,负重
25002570,采集速度
25002580,移动速度
25002590,负重
25002600,采集速度
25002610,移动速度
25002620,负重
25002630,采集速度
25002640,移动速度
25002650,负重
25002660,采集速度
25002670,移动速度
25002680,负重
25002690,采集速度
25002700,移动速度
25002710,负重
25002720,采集速度
25002730,移动速度
25002740,负重
25002750,采集速度
25002760,移动速度
25002770,负重
25002780,采集速度
25002790,移动速度
25002800,负重
25002810,采集速度
25002820,移动速度
25002830,负重
25002840,采集速度
25002850,移动速度
25002860,负重
25002870,采集速度
25002880,移动速度
25002890,负重
25002900,采集速度
25002910,移动速度
25002920,负重
25002930,采集速度
25002940,移动速度
25002950,负重
25002960,采集速度
25002970,移动速度
25002980,负重
25002990,采集速度
25003000,移动速度
25003010,负重
25003020,采集速度
25003030,移动速度
25003040,负重
25003050,采集速度
25003060,移动速度
25003070,负重
25003080,采集速度
25003090,移动速度
25003100,负重
25003110,采集速度
25003120,移动速度
25003130,负重
25003140,采集速度
25003150,移动速度
25003160,负重
25003170,采集速度
25003180,移动速度
25003190,负重
25003200,采集速度
25003210,移动速度
25003220,负重
25003230,采集速度
25003240,移动速度
25003250,负重
25003260,采集速度
25003270,移动速度
25003280,负重
25003290,采集速度
25003300,移动速度
25003310,负重
25003320,采集速度
35010010,采集双倍
35020010,特殊资源
35030010,打怪掉落双倍
35040010,掉宝哥布林
35050010,杀兵活动
35060010,攻城活动
35010011,采集任意资源可获得双倍产出
35020011,刷新出金矿和神圣之泉资源
35030011,打任意野怪可获得双倍掉落奖励
35040011,攻击掉宝哥布林可获得丰厚奖励
35050011,累积攻击一定战斗力的玩家部队
35060011,攻打玩家城堡累积到一定伤害值
26051010,哥布林
26051020,世界boss
21000410,世界号角
21000411,可发送全世界玩家可见的消息，尊贵象征
guide_1_1,蝼蚁们！以为领主不在，就能偷袭成功？今天我就要把你们碾碎！
guide_1_2,强弩之末，我们会踏着你的尸体解放这座城市！
guide_1_3,现在胜负全看我们了，快点击选中部队，向领主的副官靠近。
guide_2_1,让我们带领部队，靠近那只看门狗，要小心！
guide_3_1,距离已经够近了，现在让我们点击“攻击”按钮，命令部队发起攻击，击败领主的看家狗。
guide_3_2,这点本事也敢反抗领主，让我来终结你的痛苦吧，蝼蚁！
guide_4_1,可恶，就差最后一步，难道真的要死在这个杂碎的手里么。
guide_5_1,终于赶上了！莱昂，坚持住，我们来援助你了！
guide_6_1,莱昂，让我们一起来对付这条看门狗！
guide_6_2,兄弟们！你们终于杀到了！
guide_7_1,你以为多了两只蝼蚁，就能击败我么？真是可笑哈哈哈哈哈！
guide_8_1,那如果是一群蝼蚁呢？兄弟们一起上啊！我们也要为自己的自由而战！
guide_8_2,狡猾的蝼蚁！记住今天，我会让你们加倍奉还的！复仇会很快到来！
guide_8_3,这帮蝼蚁。。。我早晚还会打回来的！
guide_8_4,追，全军追击，别让那家伙跑了！
guide_9_1,可恶，竟然让领主逃脱了，我们现在当务之急是加固城防！
guide_9_2,我们已经对城市进行了重建，但是仍有很多建筑尚未被修复，我们要加快进度了，领主和他的走狗随时都会反攻的。
guide_9_3,兵营已经修复好了，快去训练属于我们的士兵，来保卫城池。
guide_9_4,现在一批勇士已经加入了我们，现在让我们准备去出巡逻
guide_9_5,想要派出部队需要校场建筑，让我们修复校场吧
guide_9_6,校场已经建好了，让我们编队吧
guide_9_7,编组好了，干副本吧！
guide_9_8,我去，这黝黑的密穴就是副本的入口吧！快点，进去！
guide_9_9,1
guide_9_10,1
guide_9_11,1
guide_9_12,1
guide_9_13,1
guide_9_14,1
25000030,产量加成
25000040,产量加成
25000050,产量加成
25000080,产量加成
25000090,产量加成
25000100,产量加成
25000060,产量加成
25000780,攻击力
25000790,防御力
25000800,攻击力
25000810,防御力
25000820,攻击力
25000830,防御力
25000840,攻击力
25000850,防御力
25000860,攻击力
25000870,防御力
25000880,攻击力
25000890,防御力
25000900,攻击力
25000910,防御力
12010010,长枪兵
12010020,刀盾兵
12020010,轻骑兵
12020020,重骑兵
12030010,弓箭手
12030020,弓骑兵
12040010,攻城器
10020,增产科技
10030,开发科技
8001,NPC1
8002,莱昂
8003,NPC2
8004,民兵
8005,民兵队长
9001,骑士
9002,领主副官
26051011,神秘的宝箱怪，身手敏捷。
26051021,强大无比的世界boss。
340000,新的开始
340010,阴森洞穴
340020,阴森洞穴2
340030,阴森洞穴3
340040,阴森洞穴4
34000010,关卡1
34000020,关卡2
34000030,关卡3
34000040,关卡4
34000050,关卡5
34000060,关卡6
34001010,关卡1
34001020,关卡2
34001030,关卡3
34001040,关卡4
34001050,关卡5
34001060,关卡6
34001070,关卡7
34001080,关卡8
34001090,关卡9
34001100,关卡10
34001110,关卡11
34001120,关卡12
34001130,关卡13
34001140,关卡14
34001150,关卡15
34002010,关卡1
34002020,关卡2
34002030,关卡3
34002040,关卡4
34002050,关卡5
34002060,关卡6
34002070,关卡7
34002080,关卡8
34002090,关卡9
34002100,关卡10
34002110,关卡11
34002120,关卡12
34002130,关卡13
34002140,关卡14
34002150,关卡15
34003010,关卡1
34003020,关卡2
34003030,关卡3
34003040,关卡4
34003050,关卡5
34003060,关卡6
34004010,关卡1
34004020,关卡2
34004030,关卡3
34004040,关卡4
34004050,关卡5
34004060,关卡6
56000010,中文
56000020,英文
56000030,韩文
56000040,日文
56000050,阿拉伯语
56000060,德语
55000010,军团资金
55000011,用于军团建设
11030050,个人贡献
11030051,用于军团商店购买道具
55000030,团长
55000040,副团长
55000050,成员
34010010,首次通关副本
34010020,首次通关副本
34010030,首次通关副本
34010040,首次通关副本
34010050,首次通关副本
34010060,首次通关副本
34010070,首次通关副本
34010080,首次通关副本
34010090,首次通关副本
34010100,首次通关副本
34010110,首次通关副本
34010120,首次通关副本
34010130,首次通关副本
34010140,首次通关副本
34010150,首次通关副本
34010160,首次通关副本
34010170,首次通关副本
34010180,首次通关副本
34010190,首次通关副本
34010200,首次通关副本
34010210,首次通关副本
34010220,首次通关副本
34010230,首次通关副本
34010240,首次通关副本
34010250,首次通关副本
34010260,首次通关副本
34010270,首次通关副本
34010280,首次通关副本
34010290,首次通关副本
34010300,首次通关副本
34010310,首次通关副本
34010320,首次通关副本
34010330,首次通关副本
34010340,首次通关副本
34010350,首次通关副本
34010360,首次通关副本
34010370,首次通关副本
34010380,首次通关副本
34010390,首次通关副本
34010400,首次通关副本
34010410,首次通关副本
34010420,首次通关副本
34010430,首次通关副本
34010440,首次通关副本
34010450,首次通关副本
34010460,首次通关副本
34010470,首次通关副本
34010480,首次通关副本
34010490,首次通关副本
34010500,首次通关副本
34010510,首次通关副本
34010520,首次通关副本
34010530,首次通关副本
34010540,首次通关副本
34010550,首次通关副本
34010560,首次通关副本
34010570,首次通关副本
34010580,首次通关副本
34010590,首次通关副本
34010600,首次通关副本
34010610,首次通关副本
34010620,首次通关副本
34010630,首次通关副本
34010640,首次通关副本
34010650,首次通关副本
34010660,首次通关副本
34010670,首次通关副本
34010680,首次通关副本
34010690,首次通关副本
34010700,首次通关副本
34010710,首次通关副本
34010720,首次通关副本
34010730,首次通关副本
34010740,首次通关副本
34010750,首次通关副本
34010760,首次通关副本
34010770,首次通关副本
34010780,首次通关副本
34010790,首次通关副本
34010800,首次通关副本
34010810,首次通关副本
34010820,首次通关副本
34010830,首次通关副本
34010840,首次通关副本
34010850,首次通关副本
34010860,首次通关副本
34010870,首次通关副本
34010880,首次通关副本
34010890,首次通关副本
34010900,首次通关副本
34100010,禁止冲车进入
34100020,只允许步兵进入
20081010,任务礼包
20081020,任务礼包
20081030,任务礼包
20081040,任务礼包
20081050,任务礼包
20081060,任务礼包
20081070,任务礼包
20081080,任务礼包
20081090,任务礼包
20081100,任务礼包
20081110,任务礼包
20081120,任务礼包
20081130,任务礼包
20081140,任务礼包
20081150,任务礼包
20081160,任务礼包
20081170,任务礼包
20081180,任务礼包
20081190,任务礼包
20081200,任务礼包
20081210,任务礼包
20081220,任务礼包
20081230,任务礼包
20081240,任务礼包
20081250,任务礼包
20081260,任务礼包
20081270,任务礼包
20081280,任务礼包
20081290,任务礼包
20081300,任务礼包
20082010,分享礼包
20082020,分享礼包
20082030,分享礼包
20082040,分享礼包
20082050,分享礼包
20082060,分享礼包
20082070,分享礼包
20082080,分享礼包
20082090,分享礼包
20082100,分享礼包
20082110,分享礼包
20082120,分享礼包
20082130,分享礼包
20082140,分享礼包
20082150,分享礼包
20082160,分享礼包
20082170,分享礼包
20082180,分享礼包
20082190,分享礼包
20082200,分享礼包
20082210,分享礼包
20082220,分享礼包
20082230,分享礼包
20082240,分享礼包
20082250,分享礼包
20082260,分享礼包
20082270,分享礼包
20082280,分享礼包
20082290,分享礼包
20082300,分享礼包
20081011,完成军团礼包任务获得的神秘宝箱
20081021,完成军团礼包任务获得的神秘宝箱
20081031,完成军团礼包任务获得的神秘宝箱
20081041,完成军团礼包任务获得的神秘宝箱
20081051,完成军团礼包任务获得的神秘宝箱
20081061,完成军团礼包任务获得的神秘宝箱
20081071,完成军团礼包任务获得的神秘宝箱
20081081,完成军团礼包任务获得的神秘宝箱
20081091,完成军团礼包任务获得的神秘宝箱
20081101,完成军团礼包任务获得的神秘宝箱
20081111,完成军团礼包任务获得的神秘宝箱
20081121,完成军团礼包任务获得的神秘宝箱
20081131,完成军团礼包任务获得的神秘宝箱
20081141,完成军团礼包任务获得的神秘宝箱
20081151,完成军团礼包任务获得的神秘宝箱
20081161,完成军团礼包任务获得的神秘宝箱
20081171,完成军团礼包任务获得的神秘宝箱
20081181,完成军团礼包任务获得的神秘宝箱
20081191,完成军团礼包任务获得的神秘宝箱
20081201,完成军团礼包任务获得的神秘宝箱
20081211,完成军团礼包任务获得的神秘宝箱
20081221,完成军团礼包任务获得的神秘宝箱
20081231,完成军团礼包任务获得的神秘宝箱
20081241,完成军团礼包任务获得的神秘宝箱
20081251,完成军团礼包任务获得的神秘宝箱
20081261,完成军团礼包任务获得的神秘宝箱
20081271,完成军团礼包任务获得的神秘宝箱
20081281,完成军团礼包任务获得的神秘宝箱
20081291,完成军团礼包任务获得的神秘宝箱
20081301,完成军团礼包任务获得的神秘宝箱
20082011,军团成员完成任务分享的神秘宝箱
20082021,军团成员完成任务分享的神秘宝箱
20082031,军团成员完成任务分享的神秘宝箱
20082041,军团成员完成任务分享的神秘宝箱
20082051,军团成员完成任务分享的神秘宝箱
20082061,军团成员完成任务分享的神秘宝箱
20082071,军团成员完成任务分享的神秘宝箱
20082081,军团成员完成任务分享的神秘宝箱
20082091,军团成员完成任务分享的神秘宝箱
20082101,军团成员完成任务分享的神秘宝箱
20082111,军团成员完成任务分享的神秘宝箱
20082121,军团成员完成任务分享的神秘宝箱
20082131,军团成员完成任务分享的神秘宝箱
20082141,军团成员完成任务分享的神秘宝箱
20082151,军团成员完成任务分享的神秘宝箱
20082161,军团成员完成任务分享的神秘宝箱
20082171,军团成员完成任务分享的神秘宝箱
20082181,军团成员完成任务分享的神秘宝箱
20082191,军团成员完成任务分享的神秘宝箱
20082201,军团成员完成任务分享的神秘宝箱
20082211,军团成员完成任务分享的神秘宝箱
20082221,军团成员完成任务分享的神秘宝箱
20082231,军团成员完成任务分享的神秘宝箱
20082241,军团成员完成任务分享的神秘宝箱
20082251,军团成员完成任务分享的神秘宝箱
20082261,军团成员完成任务分享的神秘宝箱
20082271,军团成员完成任务分享的神秘宝箱
20082281,军团成员完成任务分享的神秘宝箱
20082291,军团成员完成任务分享的神秘宝箱
20082301,军团成员完成任务分享的神秘宝箱
21000400,关卡次数
33011010,败军枪兵
33031010,败军弓手
33052010,变异人刀兵
33052020,变异人刀兵
33071010,变异人弓手
33071020,变异人弓手
33071030,变异人弓手
33071040,变异人弓手
33071050,恶毒弓箭手
33071060,恶毒弓箭手
33071070,恶毒弓箭手
33071080,变异人弓手
33071090,变异人弓手
33071100,变异人弓手
33052030,恶毒枪兵
33052040,恶毒枪兵
33052050,恶毒枪兵
33052060,恶毒枪兵
33052070,变异人枪兵
33052080,变异人枪兵
33052090,独眼魔
33061010,邪恶领主
33051030,变异人枪兵
33051040,变异人枪兵
33051050,变异人枪兵
33051060,变异人枪兵
57100010,采集战略资源
57100020,建造部队
57100030,消灭怪物
57100060,捐献钻石
57100011,采集战略资源总和：
57100021,建造部队的战斗力总和：
57100031,消灭怪物的战斗力总和：
57100061,军团内捐献钻石总和：
55000020,军团货仓
55000070,赤铜货仓
55000080,铁矿货仓
55000090,马匹货仓
55000100,木材货仓
55000110,圣水货仓
55000120,货仓（损毁）
55000021,军团建筑，用于生产资源，成员可进行采集活动
55000071,军团建筑，用于生产资源，成员可进行采集活动
55000081,军团建筑，用于生产资源，成员可进行采集活动
55000091,军团建筑，用于生产资源，成员可进行采集活动
55000101,军团建筑，用于生产资源，成员可进行采集活动
55000111,军团建筑，用于生产资源，成员可进行采集活动
55000121,军团建筑，用于生产资源，成员可进行采集活动
15010410,货仓
15010420,货仓拆除
25010010,攻击力
25010020,攻击力
25010030,攻击力
25010040,攻击力
25010050,攻击力
25010060,攻击力
25010070,攻击力
25010080,攻击力
25010090,攻击力
25010100,攻击力
25010110,攻击力
25010120,攻击力
25010130,攻击力
25010140,攻击力
25010150,攻击力
25010160,攻击力
25010170,攻击力
25010180,攻击力
25010190,攻击力
25010200,攻击力
25010210,攻击力
25010220,攻击力
25010230,攻击力
25010240,攻击力
25010250,攻击力
25010260,攻击力
25010270,攻击力
25010280,攻击力
25020010,防御力
25020020,防御力
25020030,防御力
25020040,防御力
25020050,防御力
25020060,防御力
25020070,防御力
25020080,防御力
25020090,防御力
25020100,防御力
25020110,防御力
25020120,防御力
25020130,防御力
25020140,防御力
25020150,防御力
25020160,防御力
25020170,防御力
25020180,防御力
25020190,防御力
25020200,防御力
25020210,防御力
25020220,防御力
25020230,防御力
25020240,防御力
25020250,防御力
25020260,防御力
25020270,防御力
25020280,防御力
25030010,生命值
25030020,生命值
25030030,生命值
25030040,生命值
25030050,生命值
25030060,生命值
25030070,生命值
25030080,生命值
25030090,生命值
25030100,生命值
25030110,生命值
25030120,生命值
25030130,生命值
25030140,生命值
25030150,生命值
25030160,生命值
25030170,生命值
25030180,生命值
25030190,生命值
25030200,生命值
25030210,生命值
25030220,生命值
25030230,生命值
25030240,生命值
25030250,生命值
25030260,生命值
25030270,生命值
25030280,生命值
25040010,负重
25040020,负重
25040030,负重
25040040,负重
25040050,负重
25040060,负重
25040070,负重
25040080,负重
25040090,负重
25040100,负重
25040110,负重
25040120,负重
25040130,负重
25040140,负重
25040150,负重
25040160,负重
25040170,负重
25040180,负重
25040190,负重
25040200,负重
25040210,负重
25040220,负重
25040230,负重
25040240,负重
25040250,负重
25040260,负重
25040270,负重
25040280,负重
25050010,采集速度
25050020,采集速度
25050030,采集速度
25050040,采集速度
25050050,采集速度
25050060,采集速度
25050070,采集速度
25050080,采集速度
25050090,采集速度
25050100,采集速度
25050110,采集速度
25050120,采集速度
25050130,采集速度
25050140,采集速度
25050150,采集速度
25050160,采集速度
25050170,采集速度
25050180,采集速度
25050190,采集速度
25050200,采集速度
25050210,采集速度
25050220,采集速度
25050230,采集速度
25050240,采集速度
25050250,采集速度
25050260,采集速度
25050270,采集速度
25050280,采集速度
25060010,移动速度
25060020,移动速度
25060030,移动速度
25060040,移动速度
25060050,移动速度
25060060,移动速度
25060070,移动速度
25060080,移动速度
25060090,移动速度
25060100,移动速度
25060110,移动速度
25060120,移动速度
25060130,移动速度
25060140,移动速度
25060150,移动速度
25060160,移动速度
25060170,移动速度
25060180,移动速度
25060190,移动速度
25060200,移动速度
25060210,移动速度
25060220,移动速度
25060230,移动速度
25060240,移动速度
25060250,移动速度
25060260,移动速度
25060270,移动速度
25060280,移动速度
13030010,矛兵攻击
13030020,步兵攻击
13030030,骑手攻击
13030040,骑兵攻击
13030050,弓骑兵攻击
13030060,弓手攻击
13030070,冲车攻击
13030080,枪兵攻击
13030090,刀盾兵攻击
13030100,侦察兵攻击
13030110,重骑兵攻击
13030120,骑射手攻击
13030130,射手攻击
13030140,攻城锤攻击
13030150,戟兵攻击
13030160,禁卫攻击
13030170,斥候攻击
13030180,骑士攻击
13030190,宿卫攻击
13030200,神射手攻击
13030210,攻城塔攻击
13030220,摧毁者攻击
13030230,征服者攻击
13030240,掠夺者攻击
13030250,践踏者攻击
13030260,射龙者攻击
13030270,击心者攻击
13030280,破城者攻击
13040010,矛兵防御
13040020,步兵防御
13040030,骑手防御
13040040,骑兵防御
13040050,弓骑兵防御
13040060,弓手防御
13040070,冲车防御
13040080,枪兵防御
13040090,刀盾兵防御
13040100,侦察兵防御
13040110,重骑兵防御
13040120,骑射手防御
13040130,射手防御
13040140,攻城锤防御
13040150,戟兵防御
13040160,禁卫防御
13040170,斥候防御
13040180,骑士防御
13040190,宿卫防御
13040200,神射手防御
13040210,攻城塔防御
13040220,摧毁者防御
13040230,征服者防御
13040240,掠夺者防御
13040250,践踏者防御
13040260,射龙者防御
13040270,击心者防御
13040280,破城者防御
13050010,矛兵生命
13050020,步兵生命
13050030,骑手生命
13050040,骑兵生命
13050050,弓骑兵生命
13050060,弓手生命
13050070,冲车生命
13050080,枪兵生命
13050090,刀盾兵生命
13050100,侦察兵生命
13050110,重骑兵生命
13050120,骑射手生命
13050130,射手生命
13050140,攻城锤生命
13050150,戟兵生命
13050160,禁卫生命
13050170,斥候生命
13050180,骑士生命
13050190,宿卫生命
13050200,神射手生命
13050210,攻城塔生命
13050220,摧毁者生命
13050230,征服者生命
13050240,掠夺者生命
13050250,践踏者生命
13050260,射龙者生命
13050270,击心者生命
13050280,破城者生命
13060010,矛兵强化
13060020,步兵强化
13060030,骑手强化
13060040,骑兵强化
13060050,弓骑兵强化
13060060,弓手强化
13060070,冲车强化
13060080,枪兵强化
13060090,刀盾兵强化
13060100,侦察兵强化
13060110,重骑兵强化
13060120,骑射手强化
13060130,射手强化
13060140,攻城锤强化
13060150,戟兵强化
13060160,禁卫强化
13060170,斥候强化
13060180,骑士强化
13060190,宿卫强化
13060200,神射手强化
13060210,攻城塔强化
13060220,摧毁者强化
13060230,征服者强化
13060240,掠夺者强化
13060250,践踏者强化
13060260,射龙者强化
13060270,击心者强化
13060280,破城者强化
13070010,矛兵负重
13070020,步兵负重
13070030,骑手负重
13070040,骑兵负重
13070050,弓骑兵负重
13070060,弓手负重
13070070,冲车负重
13070080,枪兵负重
13070090,刀盾兵负重
13070100,侦察兵负重
13070110,重骑兵负重
13070120,骑射手负重
13070130,射手负重
13070140,攻城锤负重
13070150,戟兵负重
13070160,禁卫负重
13070170,斥候负重
13070180,骑士负重
13070190,宿卫负重
13070200,神射手负重
13070210,攻城塔负重
13070220,摧毁者负重
13070230,征服者负重
13070240,掠夺者负重
13070250,践踏者负重
13070260,射龙者负重
13070270,击心者负重
13070280,破城者负重
13080010,矛兵采集
13080020,步兵采集
13080030,骑手采集
13080040,骑兵采集
13080050,弓骑兵采集
13080060,弓手采集
13080070,冲车采集
13080080,枪兵采集
13080090,刀盾兵采集
13080100,侦察兵采集
13080110,重骑兵采集
13080120,骑射手采集
13080130,射手采集
13080140,攻城锤采集
13080150,戟兵采集
13080160,禁卫采集
13080170,斥候采集
13080180,骑士采集
13080190,宿卫采集
13080200,神射手采集
13080210,攻城塔采集
13080220,摧毁者采集
13080230,征服者采集
13080240,掠夺者采集
13080250,践踏者采集
13080260,射龙者采集
13080270,击心者采集
13080280,破城者采集
13090010,矛兵移动
13090020,步兵移动
13090030,骑手移动
13090040,骑兵移动
13090050,弓骑兵移动
13090060,弓手移动
13090070,冲车移动
13090080,枪兵移动
13090090,刀盾兵移动
13090100,侦察兵移动
13090110,重骑兵移动
13090120,骑射手移动
13090130,射手移动
13090140,攻城锤移动
13090150,戟兵移动
13090160,禁卫移动
13090170,斥候移动
13090180,骑士移动
13090190,宿卫移动
13090200,神射手移动
13090210,攻城塔移动
13090220,摧毁者移动
13090230,征服者移动
13090240,掠夺者移动
13090250,践踏者移动
13090260,射龙者移动
13090270,击心者移动
13090280,破城者移动
57000010,采集资源
57000020,采集资源
57000030,采集资源
57000040,采集资源
57000050,采集资源
57000060,采集资源
57000070,采集资源
57000080,采集资源
57000090,采集资源
57000100,采集资源
57000110,采集资源
57000120,采集资源
57000130,采集资源
57000140,采集资源
57000150,采集资源
57000160,采集资源
57000170,采集资源
57000180,采集资源
57000190,采集资源
57000200,采集资源
57000210,采集资源
57000220,采集资源
57000230,采集资源
57000240,采集资源
57000250,采集资源
57000260,采集资源
57000270,训练士兵
57000280,训练士兵
57000290,训练士兵
57000300,训练士兵
57000310,训练士兵
57000320,训练士兵
57000330,训练士兵
57000340,训练士兵
57000350,训练士兵
57000360,训练士兵
57000370,训练士兵
57000380,训练士兵
57000390,训练士兵
57000400,训练士兵
57000410,训练士兵
57000420,训练士兵
57000430,训练士兵
57000440,训练士兵
57000450,训练士兵
57000460,训练士兵
57000470,训练士兵
57000480,训练士兵
57000490,训练士兵
57000500,训练士兵
57000510,训练士兵
57000520,训练士兵
57000530,消灭野怪
57000540,消灭野怪
57000550,消灭野怪
57000560,消灭野怪
57000570,消灭野怪
57000580,消灭野怪
57000590,消灭野怪
57000600,消灭野怪
57000610,消灭野怪
57000620,消灭野怪
57000630,消灭野怪
57000640,消灭野怪
57000650,消灭野怪
57000660,消灭野怪
57000670,消灭野怪
57000680,消灭野怪
57000690,消灭野怪
57000700,消灭野怪
57000710,消灭野怪
57000720,消灭野怪
57000730,消灭野怪
57000740,消灭野怪
57000750,消灭野怪
57000760,消灭野怪
57000770,消灭野怪
57000780,消灭野怪
57000790,击杀士兵
57000800,击杀士兵
57000810,击杀士兵
57000820,击杀士兵
57000830,击杀士兵
57000840,击杀士兵
57000850,击杀士兵
57000860,击杀士兵
57000870,击杀士兵
57000880,击杀士兵
57000890,击杀士兵
57000900,击杀士兵
57000910,击杀士兵
57000920,击杀士兵
57000930,击杀士兵
57000940,击杀士兵
57000950,击杀士兵
57000960,击杀士兵
57000970,击杀士兵
57000980,击杀士兵
57000990,击杀士兵
57001000,击杀士兵
57001010,击杀士兵
57001020,击杀士兵
57001030,击杀士兵
57001040,击杀士兵
30100010,领主府升级
30100020,仓库升级
30100030,学院升级
30100040,城墙升级
30100050,校场升级
30100060,民房升级
30100070,兵营升级
30100080,靶场升级
30100090,马厩升级
30100100,器械升级
30100110,内城箭塔升级
30100120,训练士兵1
30100130,训练士兵2
30100140,训练士兵3
30100150,训练士兵4
30100160,训练士兵5
30100170,训练士兵6
30100180,训练士兵7
30100240,领主府升级
30100250,仓库升级
30100260,学院升级
30100270,城墙升级
30100280,校场升级
30100290,民房升级
30100300,兵营升级
30100310,靶场升级
30100320,马厩升级
30100330,器械升级
30100340,内城箭塔升级
30100350,领主府升级
30100360,仓库升级
30100370,学院升级
30100380,城墙升级
30100390,校场升级
30100400,民房升级
30100410,兵营升级
30100420,靶场升级
30100430,马厩升级
30100440,器械升级
30100450,内城箭塔升级
30100460,训练士兵8
30100470,训练士兵9
30100480,训练士兵10
30100490,训练士兵11
30100500,训练士兵12
30100510,训练士兵13
30100520,训练士兵14
30100580,领主府升级
30100590,仓库升级
30100600,学院升级
30100610,城墙升级
30100620,校场升级
30100630,民房升级
30100640,兵营升级
30100650,靶场升级
30100660,马厩升级
30100670,器械升级
30100680,内城箭塔升级
30100690,领主府升级
30100700,仓库升级
30100710,学院升级
30100720,城墙升级
30100730,校场升级
30100740,民房升级
30100750,兵营升级
30100760,靶场升级
30100770,马厩升级
30100780,器械升级
30100790,内城箭塔升级
30100800,领主府升级
30100810,仓库升级
30100820,学院升级
30100830,城墙升级
30100840,校场升级
30100850,民房升级
30100860,兵营升级
30100870,靶场升级
30100880,马厩升级
30100890,器械升级
30100900,内城箭塔升级
30100910,领主府升级
30100920,仓库升级
30100930,学院升级
30100940,城墙升级
30100950,校场升级
30100960,民房升级
30100970,兵营升级
30100980,靶场升级
30100990,马厩升级
30101000,器械升级
30101010,内城箭塔升级
30101020,领主府升级
30101030,仓库升级
30101040,学院升级
30101050,城墙升级
30101060,校场升级
30101070,民房升级
30101080,兵营升级
30101090,靶场升级
30101100,马厩升级
30101110,器械升级
30101120,内城箭塔升级
30101130,领主府升级
30101140,仓库升级
30101150,学院升级
30101160,城墙升级
30101170,校场升级
30101180,民房升级
30101190,兵营升级
30101200,靶场升级
30101210,马厩升级
30101220,器械升级
30101230,内城箭塔升级
30101240,领主府升级
30101250,仓库升级
30101260,学院升级
30101270,城墙升级
30101280,校场升级
30101290,民房升级
30101300,兵营升级
30101310,靶场升级
30101320,马厩升级
30101330,器械升级
30101340,内城箭塔升级
30101350,领主府升级
30101360,仓库升级
30101370,学院升级
30101380,城墙升级
30101390,校场升级
30101400,民房升级
30101410,兵营升级
30101420,靶场升级
30101430,马厩升级
30101440,器械升级
30101450,内城箭塔升级
30101460,领主府升级
30101470,仓库升级
30101480,学院升级
30101490,城墙升级
30101500,校场升级
30101510,民房升级
30101520,兵营升级
30101530,靶场升级
30101540,马厩升级
30101550,器械升级
30101560,内城箭塔升级
30101570,领主府升级
30101580,仓库升级
30101590,学院升级
30101600,城墙升级
30101610,校场升级
30101620,民房升级
30101630,兵营升级
30101640,靶场升级
30101650,马厩升级
30101660,器械升级
30101670,内城箭塔升级
30101680,领主府升级
30101690,仓库升级
30101700,学院升级
30101710,城墙升级
30101720,校场升级
30101730,民房升级
30101740,兵营升级
30101750,靶场升级
30101760,马厩升级
30101770,器械升级
30101780,内城箭塔升级
30101790,领主府升级
30101800,仓库升级
30101810,学院升级
30101820,城墙升级
30101830,校场升级
30101840,民房升级
30101850,兵营升级
30101860,靶场升级
30101870,马厩升级
30101880,器械升级
30101890,内城箭塔升级
30101900,领主府升级
30101910,仓库升级
30101920,学院升级
30101930,城墙升级
30101940,校场升级
30101950,民房升级
30101960,兵营升级
30101970,靶场升级
30101980,马厩升级
30101990,器械升级
30102000,内城箭塔升级
30102010,领主府升级
30102020,仓库升级
30102030,学院升级
30102040,城墙升级
30102050,校场升级
30102060,民房升级
30102070,兵营升级
30102080,靶场升级
30102090,马厩升级
30102100,器械升级
30102110,内城箭塔升级
30102120,领主府升级
30102130,仓库升级
30102140,学院升级
30102150,城墙升级
30102160,校场升级
30102170,民房升级
30102180,兵营升级
30102190,靶场升级
30102200,马厩升级
30102210,器械升级
30102220,内城箭塔升级
30102230,领主府升级
30102240,仓库升级
30102250,学院升级
30102260,城墙升级
30102270,校场升级
30102280,民房升级
30102290,兵营升级
30102300,靶场升级
30102310,马厩升级
30102320,器械升级
30102330,内城箭塔升级
30102340,领主府升级
30102350,仓库升级
30102360,学院升级
30102370,城墙升级
30102380,校场升级
30102390,民房升级
30102400,兵营升级
30102410,靶场升级
30102420,马厩升级
30102430,器械升级
30102440,内城箭塔升级
30102450,领主府升级
30102460,仓库升级
30102470,学院升级
30102480,城墙升级
30102490,校场升级
30102500,民房升级
30102510,兵营升级
30102520,靶场升级
30102530,马厩升级
30102540,器械升级
30102550,内城箭塔升级
30102560,领主府升级
30102570,仓库升级
30102580,学院升级
30102590,城墙升级
30102600,校场升级
30102610,民房升级
30102620,兵营升级
30102630,靶场升级
30102640,马厩升级
30102650,器械升级
30102660,内城箭塔升级
30102670,领主府升级
30102680,仓库升级
30102690,学院升级
30102700,城墙升级
30102710,校场升级
30102720,民房升级
30102730,兵营升级
30102740,靶场升级
30102750,马厩升级
30102760,器械升级
30102770,内城箭塔升级
30102780,领主府升级
30102790,仓库升级
30102800,学院升级
30102810,城墙升级
30102820,校场升级
30102830,民房升级
30102840,兵营升级
30102850,靶场升级
30102860,马厩升级
30102870,器械升级
30102880,内城箭塔升级
30102890,领主府升级
30102900,仓库升级
30102910,学院升级
30102920,城墙升级
30102930,校场升级
30102940,民房升级
30102950,兵营升级
30102960,靶场升级
30102970,马厩升级
30102980,器械升级
30102990,内城箭塔升级
30103000,领主府升级
30103010,仓库升级
30103020,学院升级
30103030,城墙升级
30103040,校场升级
30103050,民房升级
30103060,兵营升级
30103070,靶场升级
30103080,马厩升级
30103090,器械升级
30103100,内城箭塔升级
30103110,领主府升级
30103120,仓库升级
30103130,学院升级
30103140,城墙升级
30103150,校场升级
30103160,民房升级
30103170,兵营升级
30103180,靶场升级
30103190,马厩升级
30103200,器械升级
30103210,内城箭塔升级
30103220,领主府升级
30103230,仓库升级
30103240,学院升级
30103250,城墙升级
30103260,校场升级
30103270,民房升级
30103280,兵营升级
30103290,靶场升级
30103300,马厩升级
30103310,器械升级
30103320,内城箭塔升级
30103330,领主府升级
30103340,仓库升级
30103350,学院升级
30103360,城墙升级
30103370,校场升级
30103380,民房升级
30103390,兵营升级
30103400,靶场升级
30103410,马厩升级
30103420,器械升级
30103430,内城箭塔升级
34020010,副本奖励箱
34020020,副本奖励箱
34020030,副本奖励箱
34020040,副本奖励箱
34020050,副本奖励箱
34020060,副本奖励箱
34020070,副本奖励箱
34020080,副本奖励箱
34020090,副本奖励箱
34020100,副本奖励箱
34020110,副本奖励箱
34020120,副本奖励箱
34030010,副本奖励箱
34030020,副本奖励箱
34030030,副本奖励箱
34030040,副本奖励箱
34030050,副本奖励箱
34030060,副本奖励箱
34030070,副本奖励箱
34030080,副本奖励箱
34030090,副本奖励箱
34030100,副本奖励箱
34030110,副本奖励箱
34030120,副本奖励箱
34040010,副本奖励箱
34040020,副本奖励箱
34040030,副本奖励箱
34040040,副本奖励箱
34040050,副本奖励箱
34040060,副本奖励箱
34040070,副本奖励箱
34040080,副本奖励箱
34040090,副本奖励箱
34040100,副本奖励箱
34040110,副本奖励箱
34040120,副本奖励箱
34050010,副本奖励箱
34050020,副本奖励箱
34050030,副本奖励箱
34050040,副本奖励箱
34050050,副本奖励箱
34050060,副本奖励箱
34050070,副本奖励箱
34050080,副本奖励箱
34050090,副本奖励箱
34050100,副本奖励箱
34050110,副本奖励箱
34050120,副本奖励箱
34020011,首次通关副本1-1的奖励，打开获得粮食30000，木头30000，石头30000
34020021,首次通关副本1-2的奖励，打开获得粮食41200，木头41200，石头41200
34020031,首次通关副本1-3的奖励，打开获得粮食67000，木头67000，石头67000
34020041,首次通关副本1-4的奖励，打开获得粮食102400，木头102400，石头102400
34020051,首次通关副本1-5的奖励，打开获得粮食240600，木头240600，石头240600
34020061,首次通关副本1-6的奖励，打开获得粮食330400，木头330400，石头330400
34020071,首次通关副本2-1的奖励，打开获得粮食365600，木头365600，石头365600
34020081,首次通关副本2-2的奖励，打开获得粮食396400，木头396400，石头396400
34020091,首次通关副本2-3的奖励，打开获得粮食425100，木头425100，石头425100
34020101,首次通关副本2-4的奖励，打开获得粮食460300，木头460300，石头460300
34020111,首次通关副本2-5的奖励，打开获得粮食483100，木头483100，石头483100
34020121,首次通关副本2-6的奖励，打开获得粮食508500，木头508500，石头508500
34030011,首次通关副本1-1的奖励，打开获得铜矿15000，铁矿15000，铁木15000
34030021,首次通关副本1-2的奖励，打开获得铜矿18300，铁矿18300，铁木18300
34030031,首次通关副本1-3的奖励，打开获得铜矿29800，铁矿29800，铁木29800
34030041,首次通关副本1-4的奖励，打开获得铜矿45600，铁矿45600，铁木45600
34030051,首次通关副本1-5的奖励，打开获得铜矿107100，铁矿107100，铁木107100
34030061,首次通关副本1-6的奖励，打开获得铜矿113400，铁矿113400，铁木113400
34030071,首次通关副本2-1的奖励，打开获得铜矿107600，铁矿107600，铁木107600
34030081,首次通关副本2-2的奖励，打开获得铜矿104300，铁矿104300，铁木104300
34030091,首次通关副本2-3的奖励，打开获得铜矿101400，铁矿101400，铁木101400
34030101,首次通关副本2-4的奖励，打开获得铜矿142000，铁矿142000，铁木142000
34030111,首次通关副本2-5的奖励，打开获得铜矿138100，铁矿138100，铁木138100
34030121,首次通关副本2-6的奖励，打开获得铜矿134200，铁矿134200，铁木134200
34040011,通关副本1-1的奖励，打开获得粮食30000，木头30000，石头30000
34040021,通关副本1-2的奖励，打开获得粮食41200，木头41200，石头41200
34040031,通关副本1-3的奖励，打开获得粮食67000，木头67000，石头67000
34040041,通关副本1-4的奖励，打开获得粮食102400，木头102400，石头102400
34040051,通关副本1-5的奖励，打开获得粮食240600，木头240600，石头240600
34040061,通关副本1-6的奖励，打开获得粮食330400，木头330400，石头330400
34040071,通关副本2-1的奖励，打开获得粮食365600，木头365600，石头365600
34040081,通关副本2-2的奖励，打开获得粮食396400，木头396400，石头396400
34040091,通关副本2-3的奖励，打开获得粮食425100，木头425100，石头425100
34040101,通关副本2-4的奖励，打开获得粮食460300，木头460300，石头460300
34040111,通关副本2-5的奖励，打开获得粮食483100，木头483100，石头483100
34040121,通关副本2-6的奖励，打开获得粮食508500，木头508500，石头508500
34050011,通关副本1-1的奖励，打开获得铜矿15000，铁矿15000，铁木15000
34050021,通关副本1-2的奖励，打开获得铜矿18300，铁矿18300，铁木18300
34050031,通关副本1-3的奖励，打开获得铜矿29800，铁矿29800，铁木29800
34050041,通关副本1-4的奖励，打开获得铜矿45600，铁矿45600，铁木45600
34050051,通关副本1-5的奖励，打开获得铜矿107100，铁矿107100，铁木107100
34050061,通关副本1-6的奖励，打开获得铜矿113400，铁矿113400，铁木113400
34050071,通关副本2-1的奖励，打开获得铜矿107600，铁矿107600，铁木107600
34050081,通关副本2-2的奖励，打开获得铜矿104300，铁矿104300，铁木104300
34050091,通关副本2-3的奖励，打开获得铜矿101400，铁矿101400，铁木101400
34050101,通关副本2-4的奖励，打开获得铜矿142000，铁矿142000，铁木142000
34050111,通关副本2-5的奖励，打开获得铜矿138100，铁矿138100，铁木138100
34050121,通关副本2-6的奖励，打开获得铜矿134200，铁矿134200，铁木134200
22120010,1级个人贡献包
22120020,2级个人贡献包
22120030,3级个人贡献包
22120040,4级个人贡献包
22120011,打开获得1点个人贡献
22120021,打开获得10点个人贡献
22120031,打开获得100点个人贡献
22120041,打开获得10000点个人贡献
34000011,关卡剧情0-1
34000021,关卡剧情0-2
34000031,关卡剧情0-3
34000041,关卡剧情0-4
34000051,关卡剧情0-5
34000061,关卡剧情0-6
34001011,关卡剧情1-1
34001021,关卡剧情1-2
34001031,关卡剧情1-3
34001041,关卡剧情1-4
34001051,关卡剧情1-5
34001061,关卡剧情1-6
34002011,关卡剧情2-1
34002021,关卡剧情2-2
34002031,关卡剧情2-3
34002041,关卡剧情2-4
34002051,关卡剧情2-5
34002061,关卡剧情2-6
34003011,关卡剧情3-1
34003021,关卡剧情3-2
34003031,关卡剧情3-3
34003041,关卡剧情3-4
34003051,关卡剧情3-5
34003061,关卡剧情3-6
34004011,关卡剧情4-1
34004021,关卡剧情4-2
34004031,关卡剧情4-3
34001012,击杀所有怪物
34001022,击杀所有怪物
34001032,击杀所有怪物
34001042,击杀所有怪物
34001052,击杀所有怪物
34001062,击杀所有怪物
34001012,击杀所有怪物
34001022,击杀所有怪物
34001032,击杀所有怪物
34001042,击杀所有怪物
34001052,击杀所有怪物
34001062,击杀所有怪物
34002012,击杀所有怪物
34002022,击杀所有怪物
34002032,击杀所有怪物
34002042,击杀所有怪物
34002052,击杀所有怪物
34002062,击杀所有怪物
34003012,击杀所有怪物
34003022,击杀所有怪物
34003032,击杀所有怪物
34003042,击杀所有怪物
34003052,击杀所有怪物
34003062,击杀所有怪物
34004012,击杀所有怪物
34004022,击杀所有怪物
34004032,击杀所有怪物
64000010,攻击力提升
64001010,全体攻击力提升
64010010,防御提升
64011010,全体防御提升
64020010,移动提升
64021010,全体移动提升
33091020,莱昂
33091010,领主副官
33091030,伍德
33091040,豪斯
33091050,民兵队长
33091060,民兵弓箭手
33091070,民兵弓箭手
33091080,民兵弓箭手
