plotId,roleId,rolePos,content,nextPlotId,nextGuideId,isSave
12001,80006,0,plot_12001,0,0,0
12002,80001,0,plot_12002,0,0,0
12003,80006,0,plot_12003,0,0,0
12004,80001,0,plot_12004,0,0,0
12005,80006,0,plot_12005,0,0,0
13001,90002,1,plot_13001_1,130011,0,0
130011,80001,0,plot_13001_2,130012,0,0
130012,80006,0,plot_13001_3,130013,0,0
130013,80001,0,plot_13001_4,0,0,0
13002,80001,0,plot_13002_1,0,0,0
13003,90001,1,plot_13003_1,130031,0,0
130031,80001,0,plot_13003_2,0,0,0
13004,80006,0,plot_13004_1,130041,0,0
130041,80001,0,plot_13004_2,130042,0,0
130042,80001,0,plot_13004_3,130043,0,0
130043,80006,0,plot_13004_4,0,0,0
13005,80001,0,plot_13005_1,0,0,0
14001,80001,0,plot_14001_1,0,0,0
15001,80006,0,plot_15001_1,150011,0,0
150011,80001,0,plot_15001_2,150012,0,0
150012,80006,0,plot_15001_3,150013,0,0
150013,80001,0,plot_15001_4,0,0,0
15002,90004,1,plot_15002_1,150021,0,0
150021,80001,0,plot_15002_2,0,0,0
15003,90004,1,plot_15003_1,150031,0,0
150031,80001,0,plot_15003_2,150032,0,0
150032,90004,1,plot_15003_3,150033,0,0
150033,80001,0,plot_15003_4,0,0,0
16001,90004,1,plot_16001_1,160011,0,0
160011,80001,0,plot_16001_2,0,0,0
16002,90004,1,plot_16002_1,160021,0,0
160021,80001,0,plot_16002_2,160022,0,0
160022,80006,0,plot_16002_3,160023,0,0
160023,80001,0,plot_16002_4,160024,0,0
160024,90004,1,plot_16002_5,0,0,0
16003,80001,0,plot_16003_1,0,0,0
21001,90007,1,plot_21001_1,210011,0,0
210011,80006,0,plot_21001_2,210012,0,0
210012,80001,0,plot_21001_3,210013,0,0
210013,80006,0,plot_21001_4,210014,0,0
210014,80001,0,plot_21001_5,0,0,0
23001,90010,1,plot_23001_1,230011,0,0
230011,80001,0,plot_23001_2,230012,0,0
230012,90010,1,plot_23001_3,0,0,0
24001,80001,0,plot_24001_1,0,0,0
25001,80001,0,plot_25001_1,250011,0,0
250011,80006,0,plot_25001_2,250012,0,0
250012,80001,0,plot_25001_3,0,0,0
25002,90010,1,plot_25002_1,0,0,0
26001,90010,1,plot_26001_1,260011,0,0
260011,80001,0,plot_26001_2,260012,0,0
260012,80006,0,plot_26001_3,0,0,0
26002,90010,1,plot_26002_1,260021,0,0
260021,80001,0,plot_26002_2,260022,0,0
260022,90010,1,plot_26002_3,260023,0,0
260023,80001,0,plot_26002_4,260024,0,0
260024,80007,0,plot_26002_5,0,0,0
26003,80007,0,plot_26003_1,260031,0,0
260031,80001,0,plot_26003_2,260032,0,0
260032,80007,0,plot_26003_3,260033,0,0
260033,80001,0,plot_26003_4,260034,0,0
260034,80007,0,plot_26003_5,260035,0,0
260035,80001,0,plot_26003_6,260036,0,0
260036,80007,0,plot_26003_7,260037,0,0
260037,80007,0,plot_26003_8,260038,0,0
260038,80001,0,plot_26003_9,260039,0,0
260039,80007,0,plot_26003_10,2600310,0,0
2600310,80006,0,plot_26003_11,2600311,0,0
2600311,80001,0,plot_26003_12,2600312,0,0
2600312,80007,0,plot_26003_13,2600313,0,0
2600313,80007,0,plot_26003_14,2600314,0,0
2600314,80001,0,plot_26003_15,2600315,0,0
2600315,80001,0,plot_26003_16,2600316,0,0
2600316,80007,0,plot_26003_17,2600317,0,0
2600317,80001,0,plot_26003_18,2600318,0,0
2600318,80007,0,plot_26003_19,2600319,0,0
2600319,80001,0,plot_26003_20,2600320,0,0
2600320,80007,0,plot_26003_21,2600321,0,0
2600321,80001,0,plot_26003_22,0,0,0
31001,80007,0,plot_31001_1,310011,0,0
310011,80001,0,plot_31001_2,310012,0,0
310012,80007,0,plot_31001_3,310013,0,0
310013,80001,0,plot_31001_4,310014,0,0
310014,80007,0,plot_31001_5,310015,0,0
310015,80001,0,plot_31001_6,310016,0,0
310016,80007,0,plot_31001_7,0,0,0
32001,80007,0,plot_32001_1,320011,0,0
320011,80001,0,plot_32001_2,0,0,0
32002,90009,1,plot_32002_1,320021,0,0
320021,80001,0,plot_32002_2,320022,0,0
320022,90009,1,plot_32002_3,0,0,0
33001,80001,0,plot_33001_1,330011,0,0
330011,80007,0,plot_33001_2,330012,0,0
330012,80007,0,plot_33001_3,330013,0,0
330013,80007,0,plot_33001_4,330014,0,0
330014,80001,0,plot_33001_5,330015,0,0
330015,80007,0,plot_33001_6,0,0,0
33002,80001,0,plot_33002_1,0,0,0
33003,90009,1,plot_33003_1,330031,0,0
330031,80001,0,plot_33003_2,330032,0,0
330032,90009,1,plot_33003_3,0,0,0
34001,80001,0,plot_34001_1,340011,0,0
340011,80007,0,plot_34001_2,0,0,0
34002,80007,0,plot_34002_1,0,0,0
34003,80007,0,plot_34003_1,0,0,0
34004,80001,0,plot_34004_1,0,0,0
34005,80007,0,plot_34005_1,0,0,0
35001,80007,0,plot_35001_1,350011,0,0
350011,80001,0,plot_35001_2,350012,0,0
350012,90009,1,plot_35001_3,350013,0,0
350013,80001,0,plot_35001_4,350014,0,0
350014,90009,1,plot_35001_5,350015,0,0
350015,80001,0,plot_35001_6,350016,0,0
350016,90009,1,plot_35001_7,0,0,0
35002,90009,1,plot_35002_1,0,0,0
36001,90009,1,plot_36001_1,0,0,0
36002,90009,1,plot_36002_1,360021,0,0
360021,80001,0,plot_36002_2,360022,0,0
360022,90009,1,plot_36002_3,0,0,0
36003,90009,1,plot_36003_1,360031,0,0
360031,80007,0,plot_36003_2,360032,0,0
360032,80001,0,plot_36003_3,360033,0,0
360033,80007,0,plot_36003_4,360034,0,0
360034,80001,0,plot_36003_5,360035,0,0
360035,80007,0,plot_36003_6,0,0,0
41001,80007,0,plot_41001_1,410011,0,0
410011,80001,0,plot_41001_2,410012,0,0
410012,80007,0,plot_41001_3,410013,0,0
410013,80001,0,plot_41001_4,410014,0,0
410014,80007,0,plot_41001_5,410015,0,0
410015,80001,0,plot_41001_6,410016,0,0
410016,80007,0,plot_41001_7,0,0,0
41002,80001,0,plot_41002_1,410021,0,0
410021,80007,0,plot_41002_2,410022,0,0
410022,80001,0,plot_41002_3,410023,0,0
410023,80007,0,plot_41002_4,410024,0,0
410024,80001,0,plot_41002_5,410025,0,0
410025,80007,0,plot_41002_6,0,0,0
42001,80007,0,plot_42001_1,0,0,0
42002,90006,1,plot_42002_1,420021,0,0
420021,80007,0,plot_42002_2,420022,0,0
420022,90006,1,plot_42002_3,0,0,0
43001,80007,0,plot_43001_1,430011,0,0
430011,80001,0,plot_43001_2,0,0,0
1001,80005,0,plot_1001_1,0,0,0
1002,80012,1,plot_1001_2,0,0,0
1003,80001,0,plot_1001_3,0,0,0
2001,80005,0,plot_1002_1,0,0,0
2002,90003,1,plot_1002_2,20021,0,0
20021,90003,1,plot_1002_3,0,0,0
2003,80001,0,plot_1002_4,0,0,0
3001,80004,0,plot_1003_1,30011,0,0
30011,90011,1,plot_1003_2,30012,0,0
30012,80004,0,plot_1003_3,0,0,0
4001,80001,0,plot_1004_1,40011,0,0
40011,80004,0,plot_1004_2,40012,0,0
40012,90012,1,plot_1004_3,40013,0,0
40013,80001,0,plot_1004_4,0,0,0
5001,80001,0,plot_1005_1,50021,0,0
50021,90004,1,plot_1005_2,50031,0,0
50031,80001,0,plot_1005_3,0,0,0
6001,80003,0,plot_1006_1,60011,0,0
60011,80001,0,plot_1006_2,60012,0,0
60012,80003,0,plot_1006_3,0,0,0
7001,80003,0,plot_1007_1,0,0,0
7002,80001,0,plot_1007_2,0,0,0
7003,80012,1,plot_1007_3,0,0,0
7004,80001,0,plot_1007_4,0,0,0
7005,80001,0,plot_1007_5,0,0,0
